Phospho	Group	Value
TP53 (Phospho-T18)	Myc-MAP2K7 WT	2.199384179
TP53 (Phospho-S37)	Myc-MAP2K7 WT	1.403808374
TP53 (Phospho-S46)	Myc-MAP2K7 WT	1.376446393
CHEK2 (Phospho-T387)	Myc-MAP2K7 WT	1.611974724
ESR1 (Phospho-S118)	Myc-MAP2K7 WT	1.541289241
PRKDC (Phospho-T2647)	Myc-MAP2K7 WT	1.479139772
PLCB3 (Phospho-S537)	Myc-MAP2K7 WT	1.36783303
MARCKS (Phospho-S158)	Myc-MAP2K7 WT	1.351027287
TP53 (Phospho-T18)	Myc-MAP2K7 K296R	1.825215541
TP53 (Phospho-S37)	Myc-MAP2K7 K296R	1.092680402
TP53 (Phospho-S46)	Myc-MAP2K7 K296R	1.004293528
CHEK2 (Phospho-T387)	Myc-MAP2K7 K296R	1.25385111
ESR1 (Phospho-S118)	Myc-MAP2K7 K296R	1.171145255
PRKDC (Phospho-T2647)	Myc-MAP2K7 K296R	0.93280685
PLCB3 (Phospho-S537)	Myc-MAP2K7 K296R	0.995761328
MARCKS (Phospho-S158)	Myc-MAP2K7 K296R	0.985733803
